asin,brand,title,selling_price,list_price,discount_pct,actual_rating,review_count,sentiment_score,sentiment_label,total_positive,total_negative,total_neutral,top_positives,top_negatives,one_line_verdict,anomaly,asp_wheels,asp_handle,asp_zipper,asp_material,asp_weight,asp_size,asp_lock,asp_durability,sum_wheels,sum_handle,sum_zipper,sum_material,sum_weight,sum_size,sum_lock,sum_durability
B097BG27MD,Safari,"Safari Pentagon Pro 8 Wheels 55Cm Cabin Trolley Bag Hard Case Polypropylene, 360º Wheeling Carry On Luggage for Men & Women, Travel Suitcase, Cyan",1699.0,2209.0,23.1,4.2,33650,7.8,Good,7,3,0,"[""Smooth Wheels"", ""Good Value for Money"", ""Sturdy Build""]","[""Handle Loosening"", ""Cheap Zipper"", ""Durability Concerns""]","The Safari Pentagon Pro trolley offers good value and a sturdy build with smooth wheels, but potential concerns exist regarding the handle and zipper quality.",,9.0,6.0,5.0,8.0,8.0,8.0,,7.0,Customers consistently praise the smooth rolling of the 8-wheel system.,"Some users reported the handle loosening after a few trips, a significant concern.",The zipper quality is perceived as cheap and potentially unreliable.,The material is generally considered durable and sturdy.,Customers appreciate the lightweight nature of the trolley.,The cabin size is well-suited for travel and fits easily in overhead compartments.,No mentions of the lock in the reviews.,"Overall durability is perceived as good, although concerns exist about the handle and zipper."
B097JK62G2,Safari,Safari Cabin Polycarbonate (Pc) Persia Hardside Small Size 4 Spinner Wheels Carry-On Luggage Pearl Blue Color 55Cm,2099.0,2729.0,23.1,4.1,4643,7.8,Excellent,6,2,0,"[""Stylish Design"", ""Smooth Wheels"", ""Lightweight""]","[""Handle Wobble"", ""Zipper Weakness""]","This Safari luggage offers a stylish and lightweight solution for cabin travel, but potential buyers should be aware of concerns regarding the handle and zipper quality.",,9.0,5.0,6.0,8.0,9.0,8.0,7.0,7.0,Customers consistently praise the smooth and quiet spinner wheels.,"The handle is a point of concern for some, with reports of wobbling and a lack of sturdiness.","The zipper is a noted weakness, with customers expressing concerns about its durability.",The polycarbonate material is generally perceived as durable and stylish.,Customers appreciate the lightweight nature of the luggage.,The size is well-suited for carry-on luggage and travel.,"No specific mentions about the lock, implying it's not a significant factor.","Overall durability is perceived as good for the price, but zipper concerns temper this."
B00SWV4NCU,Safari,"Safari Medium Thorium Neo 8 Wheels 55,66 and 77 Cm Small, and Large 4 Wheel Inline 3 Trolley Bags Hardshell Case Polycarbonate 360 Degree Wheeling System,Black",5599.0,7279.0,23.1,4.0,27985,7.8,Good,5,3,1,"[""Value for Money"", ""Smooth Wheels"", ""Durability""]","[""Handle Stability"", ""Zipper Quality"", ""Handle Looseness""]","The Safari Thorium Neo trolley offers good value and durability, particularly praised for its smooth wheels, but concerns exist regarding the handle's stability and zipper quality.",,9.0,5.0,6.0,8.0,7.0,8.0,7.0,8.0,"Customers consistently praise the wheels for being smooth and easy to pull, especially in crowded areas.","Several reviewers express concern about the handle's stability and looseness, indicating a potential weakness.",The zipper quality is perceived as average and somewhat flimsy by some customers.,"The material is generally perceived as sturdy and durable, offering good protection for belongings.",Weight is not a significant concern in the reviews; it's implicitly understood to be acceptable for a suitcase.,"The size is considered adequate for various travel durations, from weekend trips to a week's travel.","Lock functionality is not mentioned, suggesting it's either standard or not a key feature.","Overall, customers find the trolley to be reliable and durable, capable of withstanding regular use."
B0F67KYF8J,Safari,"Safari Genius Alley Set of 3 (Cabin+ Medium + Large) Trolley Bags Hard Case Polypropylene, 4 Wheels, 360 Degree Wheeling Luggage, Travel Bag, Suitcase for Travel, Trolley Bags for Travel, Navy",4999.0,6499.0,23.1,4.0,5457,7.8,Good,5,3,0,"[""Value for money"", ""Smooth rolling wheels"", ""Variety of sizes""]","[""Handle issues (wobbliness/loosening)"", ""Zipper quality concerns"", ""Potential durability problems""]","The Safari Genius Alley luggage set offers good value and functionality, particularly appreciated for its smooth wheels and size variety, but concerns exist regarding the handle and zipper durability.",,9.0,6.0,6.0,7.0,8.0,8.0,7.0,6.0,Customers consistently praise the 8-wheel system for smooth maneuverability.,"Several reviewers mention a wobbly or loosening handle, raising concerns about durability.","Zippers are frequently described as 'basic', 'average', or 'flimsy', with concerns about long-term durability.","Material is generally perceived as 'okay' and providing decent protection, but long-term durability is a question.",Reviewers are pleasantly surprised by the lightweight nature of the hard shell suitcases.,The variety of sizes in the set is considered very useful and convenient for different luggage needs.,"No specific mentions of the lock, suggesting it's either not a key feature or not a source of complaint.","Durability is a recurring concern, particularly regarding the handle and zippers, though the hard shell is perceived as sturdy."
B097JMXLT9,Safari,"Safari Medium Thorium Neo 8 Wheels 66 Cm Check-in Trolley Bag Hard Case Polycarbonate 360 Degree Wheeling System Luggage, Trolley Bags for Travel, Suitcase for Travel, Graphite Blue",2499.0,3249.0,23.1,4.0,27985,7.3,Good,5,3,0,"[""Value for money"", ""Maneuverability (8 wheels)"", ""Lightweight""]","[""Handle durability"", ""Zipper quality"", ""Handle breakage""]","The Safari Thorium Neo offers good value and convenient features like the 8-wheel system, but concerns about the handle and zipper quality persist.",,9.0,4.0,5.0,7.0,8.0,7.0,,6.0,Customers consistently praise the 8-wheel system for its maneuverability.,"The handle is a significant point of concern, with multiple reports of wobbliness and breakage.","Zippers are reported to stick after a few uses, indicating a quality issue.",The polycarbonate shell is generally perceived as durable and protective.,Customers are pleasantly surprised by the lightweight nature of the bag.,The size is considered perfect for check-in luggage by frequent travelers.,No mentions of the lock in the reviews.,"Durability is a mixed bag, with some finding it sturdy while others experienced breakage."
B097BH338H,Safari,"Safari Pentagon Pro 8 Wheels Cabin Trolley Bag Polypropylene Hard Case, 360º Wheeling Carry on Luggage for Men & Women, Suitcase for Travel, Black, 55 cm",1699.0,2209.0,23.1,4.2,33650,7.2,Good,5,3,0,"[""Cabin Size"", ""Lightweight"", ""Easy Maneuverability (Wheels)""]","[""Handle Durability"", ""Zipper Reliability"", ""Overall Durability""]","The Safari Pentagon Pro offers a good value for its price, particularly for short trips, but concerns about handle and zipper durability are recurring themes.","Despite a listed rating of 4.2, the negative reviews highlight a significant durability issue that warrants further investigation.",9.0,5.0,6.0,7.0,8.0,8.0,7.0,5.0,Customers consistently praise the 8-wheel system for easy maneuverability.,"The handle is a point of concern, with wobbling and collapse reported by some users.","Zippers are frequently mentioned as a potential weakness, with reports of sticking.","The material is generally perceived as adequate, though durability is questioned.",Customers appreciate the lightweight nature of the bag.,The cabin size is well-suited for short trips and carry-on requirements.,"No specific mentions about the lock, implying it's not a major factor.","Durability is a significant concern, with reports of breakage and collapsing parts."
B097B45LDH,Safari,"Safari Thorium Royale 8 Wheels 66cm Medium Size Trolley Bag Hard Case Checkin Polycarbonate Luggage, TSA Lock, Wet Pouch Organized Interior, Suitcase for Travel, Trolley Bags for Travel, Vanilla Tan",2999.0,3899.0,23.1,4.0,15106,7.8,Good,5,3,0,"[""Value for Money"", ""Smooth Wheels"", ""Lightweight""]","[""Handle Issues"", ""Zipper Quality"", ""Flimsy Handle""]","This Safari trolley bag offers good value for money with its sturdy build and excellent wheels, but the handle and zipper quality are potential areas for improvement.",,9.2,5.8,6.5,8.0,8.5,7.5,,7.6,Customers consistently praise the 8-wheel system for its maneuverability and smooth rolling.,"The handle is a recurring point of concern, with multiple reviews mentioning it feels flimsy and prone to loosening.","The zipper quality is a concern for some, with worries about long-term durability.",The polycarbonate material is generally perceived as durable and sturdy for the price point.,Customers appreciate the lightweight nature of the suitcase.,The size is considered suitable for medium trips and check-in luggage.,No mentions of the lock in the reviews.,"Overall durability is perceived as good, especially considering the price, although handle and zipper durability are concerns."
B0FNDBNFDB,Safari,"Safari Genius Theo 8 Wheels 55cm Cabin Size Trolley Bag, Hard Case Polycarbonate, 360 Degree Wheeling Small Carry-on Luggage, Suitcase for Travel, Trolley Bags for Travel, Sage Green",1599.0,2079.0,23.1,4.1,1090,8.2,Excellent,7,2,0,"[""Cabin Size"", ""Smooth Wheels"", ""Lightweight""]","[""Zipper Quality"", ""Handle Flimsiness""]","The Safari Genius Theo trolley bag is a well-regarded cabin-sized option, praised for its lightweight design, smooth wheels, and value for money, though some customers have concerns about the zipper and handle durability.",,9.5,6.0,5.5,7.5,9.0,8.5,,7.0,Customers consistently praise the wheels for being smooth and easy to maneuver.,"Several reviewers found the handle to be flimsy, while others considered it sturdy.","The zipper is a point of concern for some, with comments about it feeling cheap.",The polycarbonate material is generally perceived as decent for the price point.,The lightweight nature of the trolley is a frequently mentioned positive.,The cabin size is well-suited for carry-on luggage and short trips.,No mentions of the lock in the reviews.,"Build quality is considered decent overall, but with some concerns about the handle and zipper."
B097JK7SP2,Safari,Safari Medium Persia 65 Cms Check-in Hardside Polycarbonate 8 Wheels Luggage/Speed_Wheel Suitcase/Trolley Bag (Pearl Blue),2699.0,3509.0,23.1,4.1,4643,7.8,Good,5,3,0,"[""Durable Material"", ""Smooth Wheels"", ""Good Value for Price""]","[""Zipper Quality"", ""Handle Stability"", ""Average Quality Overall""]","The Safari luggage offers good value and durability, but concerns about the zipper and handle need to be addressed.",,9.0,5.0,6.0,8.0,7.0,8.0,7.0,8.0,Customers consistently praise the wheels for their smoothness and maneuverability.,Several reviewers express concerns about the handle loosening.,"The zipper is a recurring point of concern, with multiple users describing it as feeling cheap or not robust.",Polycarbonate material is generally perceived as durable and sturdy.,"No specific mentions of weight, implying it's acceptable.",The size is considered suitable for check-in luggage.,"No specific mentions of lock, implying it's not a major factor.","Overall durability is perceived as good, especially for the price point."
B07HCRSLFY,Skybags,Skybags Rubik Polyester 78 Cms Softsided Large check-in luggage,3099.0,3874.0,20.0,4.2,18933,7.8,Good,6,2,0,"[""Lightweight"", ""Stylish Design"", ""Good Value for Money""]","[""Zipper Quality"", ""Wheel Durability/Wobbling""]","The Skybags Rubik luggage offers a stylish and lightweight solution for travelers, particularly at its price point, but concerns exist regarding the durability of the zippers and wheels.",,6.0,8.0,5.0,7.0,9.0,8.0,,6.0,Wheels are initially smooth but concerns exist about long-term durability and wobbling.,"Handle is generally considered comfortable and of good height, with a sturdy feel.","Zippers are a point of concern for several reviewers, with worries about their flimsy nature and potential breakage.",Material is perceived as durable by most reviewers.,Lightweight is consistently highlighted as a major positive aspect.,Size is considered adequate for a large check-in bag and suitable for both short and long trips.,No mentions of the lock in the reviews.,"Overall durability is a concern, primarily related to zippers and wheels, but material is perceived as durable."
B0C8ZD8KNP,Skybags,"Skybags Medium ABS Trooper Size Hardshell Luggage (65 Cm) | Printed Luggage Inline Trolley Bag with 4 Wheels and Resetable Combination Lock | Unisex, Green",2599.0,3249.0,20.0,4.2,21484,7.8,Good,5,3,0,"[""Print Design"", ""Value for Price"", ""Lightweight""]","[""Wheels"", ""Zipper Quality"", ""Durability Concerns""]","Customers generally appreciate the stylish design and value of this Skybags luggage, but express concerns about the wheels, zippers, and overall long-term durability.",,5.2,8.0,6.0,7.5,8.5,8.0,,6.8,"Wheels are frequently mentioned as weak and wobbly, particularly when loaded.",The handle is generally praised for being comfortable to grip.,"Zippers are a concern for some users, with worries about their long-term strength.","The ABS material is generally perceived as sturdy and robust, though some find it flimsy.",The lightweight nature of the hardshell luggage is a significant positive.,The size is considered suitable for medium check-in luggage.,No mentions of the lock.,"Durability is a recurring concern, with users expressing worries about long-term wear and tear."
B0GH8DFNY9,Skybags,"Provogue Primea Large Check-in Trolley Bag, 75 cm, 28 inch Suitcase, PC Hard Luggage, Anti-Theft Zipper, TSA Lock, Built-in Expander, Built-in Wet Pouch, 8 Wheels, 3 Years Warranty, Grey",4099.0,5124.0,20.0,3.5,12,6.8,Good,4,3,1,"[""Value for money"", ""Size/Spaciousness"", ""Style""]","[""Zipper quality"", ""Wheel smoothness"", ""Handle quality""]","The Provogue Primea trolley offers good value and size, but suffers from concerns regarding zipper and handle durability, and wheel smoothness.",,5.5,4.5,2.5,6.0,7.5,8.5,7.0,5.0,"Wheels are frequently mentioned as noisy and wobbly, impacting smoothness.",Several reviewers found the handle to feel cheap and flimsy.,"A significant concern is the zipper quality, with reports of breakage after a single trip.","Material quality is perceived as decent but not premium, failing to meet some expectations.",No significant mentions regarding weight.,Size is consistently praised as being perfect for checked baggage and family travel.,No significant mentions regarding the lock.,"Durability is a major concern, with zipper failures and handle fragility being reported."
B0FPRB7FBJ,Skybags,Skybags Lush Cabin Hard Luggage (55 cm) | Printed Luggage Trolley with 8 Wheels and TSA Lock | Lime-Blue | Unisex,2099.0,2624.0,20.0,4.1,2465,7.8,Good,6,2,0,"[""Stylish design"", ""Lightweight"", ""Perfect for carry-on""]","[""Wheels durability"", ""Zipper quality""]","The Skybags Lush Cabin Luggage offers a stylish and lightweight solution for short trips, but potential buyers should be aware of concerns regarding the durability of the wheels and zipper.",,6.0,8.0,5.0,7.0,9.0,9.0,8.0,6.0,"Wheels are frequently mentioned as shaky or wobbly, raising concerns about their long-term durability.",The handle is consistently praised for being sturdy and comfortable to grip.,"Concerns exist regarding the zipper quality, with reviewers describing it as flimsy.",The material is generally perceived as durable enough for occasional use and easy to clean.,The lightweight nature of the luggage is a significant positive for many customers.,The size is well-suited for carry-on luggage and short trips.,The TSA lock is appreciated as a useful and convenient feature.,"Overall durability is a concern, particularly regarding the wheels and zipper, but the material seems adequate."
B0C8ZNNCQW,Skybags,"Skybags Medium Stroke Size Abs Hard Luggage (67 Cm)|Printed Luggage Trolley with 8 Spinner Wheels and in-Built Combination Lock|Unisex, Blue and White",2199.0,2749.0,20.0,4.1,2465,6.8,Good,4,4,0,"[""Size/Space"", ""Lightweight"", ""Design/Style""]","[""Durability"", ""Zipper Issues"", ""Wheel Problems""]","This Skybags luggage offers a good design and value for the price, but suffers from concerning durability and zipper issues that impact its overall reliability.",,4.5,8.0,2.5,6.5,8.5,8.0,,3.5,"Wheels are a recurring issue, with several users reporting wobbling and spinning problems.",The handle is generally praised for being smooth and easy to adjust.,"Zippers are a significant point of concern, with multiple reviews mentioning breakage and stiffness.","The material is perceived as decent and sturdy, but durability is questionable.",Users consistently highlight the suitcase's lightweight nature as a positive feature.,"The size is considered good, suitable for both longer trips and international travel.",No mentions of the lock in the reviews.,"Durability is a major weakness, with reports of cracking and general fragility."
B073JSGMRS,Skybags,Skybags Cardiff Polyester 63.5 cms Red Travel Duffle (DFTCAR62ERED) (DFTCAR62RED),1399.0,1749.0,20.0,4.2,5695,7.8,Good,7,3,0,"[""Lightweight"", ""Perfect Size"", ""Stylish Design""]","[""Handle Sturdiness"", ""Material Quality"", ""Zipper Quality""]","The Skybags Cardiff duffle bag offers a good balance of size, weight, and style for its price point, but concerns exist regarding the handle and material durability.",,,5.0,6.0,6.0,9.0,8.0,,6.0,Not mentioned in reviews.,Several reviewers expressed concern about the handle's sturdiness.,Some reviewers noted the zipper quality as potentially weak.,The material is perceived as somewhat cheap or of lower quality.,Reviewers consistently praise the bag's lightweight nature.,"The size is generally considered perfect for various uses like gym, weekend trips, and carrying books.",Not mentioned in reviews.,Concerns exist regarding the bag's long-term durability due to material and handle quality.
B0CPSW5WJ5,Skybags,Skybags Cabin Paratrip Hard Luggage (55 cm) | Polypropylene Luggage Trolley with 8 Spinner Wheels| Purple Oppulence | Unisex,1869.0,2336.0,20.0,4.4,759,7.8,Good,6,2,0,"[""Lightweight"", ""Good Value for Money"", ""Stylish Design""]","[""Wheel Durability"", ""Zipper Quality""]","This Skybags cabin luggage offers good value and a stylish design, but potential concerns exist regarding the durability of the wheels and zipper.",,6.0,5.0,4.0,8.0,9.0,8.0,7.0,7.0,Wheels are generally smooth but some reviewers express concern about their durability and wobble under heavier loads.,"The handle is perceived as somewhat flimsy by some users, although generally acceptable.","The zipper quality is a concern for some, with worries about its longevity and potential for sticking.",Polypropylene material is generally seen as durable and appealing.,The lightweight nature of the suitcase is consistently praised.,"The size is well-suited for cabin luggage and short trips, often described as 'perfect' or 'ideal.'","No mentions of the lock, so assumed neutral.","Overall durability is perceived as decent for the price, but concerns exist regarding wheels and zippers."
B073JYDK7P,Skybags,Skybags Cardiff Polyester 55 cms Blue Travel Duffle (DFCAR55BLU),692.0,865.0,20.0,4.2,11348,7.8,Good,6,3,0,"[""Lightweight"", ""Good Size/Capacity"", ""Durable Material""]","[""Zipper Quality"", ""Handle Comfort"", ""Durability Concerns""]","The Skybags Cardiff duffle offers a good balance of size, weight, and style for short trips, but zipper quality is a recurring and significant concern.",,,6.0,4.0,8.0,9.0,8.0,,7.0,Not mentioned in reviews.,Some users found the handle uncomfortable and flimsy.,"A significant concern, with multiple reports of zipper issues and breakage.",Generally perceived as durable and sturdy.,Consistently praised for being lightweight and easy to carry.,Considered a good size for short trips and carry-on luggage.,Not mentioned in reviews.,"Overall, durability is a mixed bag, with some users experiencing issues while others find it satisfactory."
B0F5HP8Z3M,American Tourister,American Tourister Liftoff+ | Medium Size Check-in Trolley Bag (67 cm) for Travel | 360° 8 Wheel Travel Luggage | Hard Case Polypropylene (PP) Suitcase | Mounted TSA Lock | Spa Blue,3599.0,4859.0,25.9,4.1,2253,7.8,Good,6,2,0,"[""Smooth Wheels"", ""Good Size"", ""Durable Material""]","[""Heavy Weight"", ""Pricey""]","The American Tourister Liftoff+ trolley offers good value and durability, but its weight is a significant drawback for many customers.",,9.2,8.0,7.5,8.2,4.8,8.5,7.0,8.0,Customers consistently praise the wheels for being smooth and silent.,The handle is generally described as sturdy and extending smoothly.,Zippers are perceived as sturdy and robust by most reviewers.,"The material is seen as durable and strong, justifying the price for some.","The weight is a recurring negative point, with many finding it heavier than expected.",The size is considered good and suitable for medium check-in luggage.,"The TSA lock is a welcomed feature, working perfectly.","Overall durability is perceived as good, reinforcing the brand's reputation."
B0D797QLJZ,American Tourister,"Urban Jungle Polycarbonate 360 Degree by Safari, Premium Large(75 Cm) Trolley Bag, Check-in Suitcase with 8 Silent Wheel and TSA Lock, Hardside Travelling Luggage for Both Unisex (Skyline Blue)",6895.0,9308.0,25.9,4.3,401,7.8,Excellent,5,2,0,"[""Spaciousness"", ""Smooth Wheels"", ""Premium Feel/Material""]","[""Weight"", ""Price""]","Customers generally appreciate the spaciousness, premium feel, and smooth wheels of this trolley, but the weight and price are significant drawbacks.","Despite a listed rating of 4.3/5, the weight issue appears to be a more significant concern than the price suggests, impacting perceived value.",9.2,7.5,7.0,8.5,4.8,8.8,6.5,8.0,"Wheels are consistently praised for being smooth, effortless, and quiet.","No specific comments about the handle, implying it's adequate but not a standout feature.","No specific comments about the zipper, suggesting it's functional but unremarkable.","Polycarbonate material is frequently mentioned, contributing to a premium feel and perceived durability.","Weight is a significant concern for several reviewers, who find it excessive and detracting from the overall experience.",The size is consistently praised as spacious and suitable for extended travel.,"No specific comments about the lock, implying it's standard and not a key selling point.","Durability is generally perceived as good, with the material contributing to this impression."
B0F5HLPYW3,American Tourister,American Tourister Robotech | Small Size Cabin Trolley Bag (55 cm) | 360° 8 Wheel Travel Luggage | Hard Case Polycarbonate (PC) Suitcase | Recessed TSA Lock | Black,4299.0,5804.0,25.9,4.1,2098,7.8,Excellent,6,3,1,"[""Cabin Size"", ""Smooth Wheels"", ""Compact Design""]","[""Price"", ""Light/Flimsy"", ""Size Discrepancy""]","The American Tourister Robotech trolley is generally well-received for its cabin-friendly size and smooth wheels, but some customers find it a bit pricey and question its long-term durability.",,9.2,8.0,7.5,7.0,6.0,6.8,,7.0,Customers consistently praise the wheels for being smooth and quiet.,The handle is generally considered comfortable and easy to extend.,"Zippers are mentioned positively, working well and reliably.","Material is generally perceived as good quality, though some find it flimsy.",Some customers express concern about the lightness and perceived lack of sturdiness.,"Size is a point of contention; some find it perfect, while others find it smaller than expected.",Lock not mentioned in reviews.,"Durability is a concern for some, with questions about long-term performance."
B07Z3YX83T,American Tourister,"American Tourister Medium Trolley Bag for Travel | Upland Spinner 68 Cms Polypropylene Hardsided Check-in Luggage Bag | Suitcase for Travel | Trolley Bag for Travelling, Black",2549.0,3441.0,25.9,4.3,573,7.8,Good,5,3,0,"[""Smooth spinner wheels"", ""Reliable brand"", ""Comfortable handle""]","[""Heavy weight"", ""Zipper concerns"", ""Price relative to weight""]","This American Tourister trolley bag is generally well-regarded for its smooth wheels and perceived durability, but its weight and zipper quality are potential drawbacks for some users.",,9.0,8.0,6.0,7.0,5.0,7.0,8.0,7.0,"Customers consistently praise the smooth and silent spinner wheels, making navigation easy.",The handle is generally well-received for its comfort and robustness.,Concerns exist about the zipper's potential flimsiness and durability.,Customers perceive the material as durable and stylish.,"The weight is a recurring negative point, with many finding it heavier than expected.",The size is considered suitable for short trips and weekend getaways.,The TSA lock is appreciated as a useful security feature.,"Customers express hope for the bag's long-term durability, based on initial impressions."
B0F5HMW1M2,American Tourister,American Tourister Liftoff+ | Medium Size Check-in Trolley Bag (67 cm) for Travel | 360° 8 Wheel Travel Luggage | Hard Case Polypropylene (PP) Suitcase | Mounted TSA Lock | Dark Olive,3599.0,4859.0,25.9,4.1,2253,7.8,Excellent,5,3,0,"[""Durability"", ""Smooth Wheels"", ""Good Material Quality""]","[""Weight"", ""Price"", ""Bulky""]","The American Tourister Liftoff+ trolley bag is generally well-regarded for its durability, smooth wheels, and quality construction, but its weight and price are potential drawbacks.",,9.0,8.0,8.0,8.0,4.0,7.0,7.0,9.0,Customers consistently praise the wheels for being smooth and quiet.,The handle is generally well-received for its height and comfort.,Zippers are noted for their strength and security.,The material is frequently described as durable and of good quality.,"Weight is a recurring negative point, with customers finding it heavier than expected.",The size is considered appropriate for checked luggage.,The TSA lock is appreciated by some customers.,"Durability is a key positive, with customers highlighting its reliability for frequent travel."
B09RPLYFXJ,American Tourister,"American Tourister Medium Trolley Bag for Travel | Upland Spinner 68 Cms Polypropylene Hardsided Check-in Luggage Bag | Suitcase for Travel | Trolley Bag for Travelling, Marine Blue",2549.0,3441.0,25.9,4.3,573,7.8,Excellent,6,2,0,"[""Smooth and Quiet Wheels"", ""Ease of Maneuverability"", ""Good Quality Material""]","[""Weight relative to size"", ""Handle Wobbliness"", ""Zipper Quality""]","This American Tourister trolley bag is generally well-received for its smooth wheels and perceived durability, although some customers find it heavier than expected and have concerns about the zipper quality.",,9.5,6.0,5.5,8.0,6.5,7.0,8.0,8.5,"Customers consistently praise the spinner wheels for their smoothness, quietness, and ease of maneuverability.","Some customers find the handle a little wobbly, while others find it comfortable.",The zipper quality is mentioned as a potential area for improvement by some reviewers.,Customers generally perceive the material as good quality and durable.,"The weight is a concern for some customers, who find it heavier than expected for its size.","Size is generally acceptable, although weight relative to size is a noted issue.",The TSA lock is appreciated as a convenient and useful feature.,The brand reputation and perceived build quality contribute to a positive view of durability.
B0CW9X3TB3,American Tourister,American Tourister Icor | Large Size Check-in Trolley Bag (82 cm) | 360° 4 Wheel Travel Luggage | Soft Case Polyester Expandable Suitcase | Mounted Combination Lock | Teal,4799.0,6479.0,25.9,4.3,855,8.2,Excellent,6,2,0,"[""Smooth Wheels"", ""Durable Material"", ""TSA Lock""]","[""Heavier than expected"", ""Flimsy Zippers""]","The American Tourister Icor trolley offers good value and reliability, particularly for travelers seeking a spacious and durable check-in bag, though its weight and zipper quality are potential drawbacks.",,9.2,8.5,6.0,8.8,5.8,8.0,9.0,8.6,"Customers consistently praise the wheels for being smooth, quiet, and efficient, making airport navigation easy.","The handle is generally well-received, described as smooth, sturdy, and comfortable to grip.","Zippers are a point of concern for some, with comments about them feeling flimsy and potentially unreliable.","The material is perceived as robust, well-built, and durable, reinforcing the brand's reputation.","Weight is a recurring negative, with many customers finding the trolley heavier than expected.",The size is generally considered spacious and adequate for check-in luggage.,"The TSA lock is highly valued, particularly for international travelers, providing a sense of security.","Customers appreciate the trolley's overall durability and reliability, aligning with the American Tourister brand image."
B0CH863QFV,American Tourister,"American Tourister Polypropylene (Pp) Amt Circurity 77Cm TSA OLV Grn 3 Point TSA Lock Hard 4 Spinner Wheels Carry-On Luggage Complete Lining and Contrast Components, Olive Green,Large",6270.0,8464.0,25.9,4.4,248,8.2,Excellent,6,2,0,"[""Smooth and quiet wheels"", ""Durable material"", ""TSA lock feature""]","[""Weight is too heavy"", ""Price is a bit expensive""]","Customers generally love this American Tourister luggage for its durability, smooth wheels, and security features, but many find it heavier than anticipated.",,9.5,8.5,7.0,9.0,5.5,6.5,9.0,8.8,"Customers consistently praise the wheels for being smooth, quiet, and high-quality.","The handle is generally well-received, described as comfortable and well-designed.","No specific mentions of zippers, so assumed average.",The polypropylene material is frequently highlighted as durable and well-made.,"Weight is a recurring concern, with many finding it heavier than expected for its size.","Size is not a major focus, but some find the weight disproportionate to the size.","The TSA lock is a highly valued feature, providing peace of mind and security.",Customers express confidence in the luggage's long-term durability and build quality.
B0CLXV5FD7,Nasher Miles,Nasher Miles Silicon Valley Hard-Sided Polycarbonate TSA Lock Cabin Luggage with Laptop Compartment 20 inch | 55cm | 8 Wheels Small Trolley Bag for Travel | Suitcase (White),6179.0,8156.0,24.2,4.2,122,8.2,Excellent,6,2,0,"[""Lightweight"", ""Stylish Design"", ""Smooth Rolling Wheels""]","[""Concerns about Lock Durability"", ""Price Relative to Competitors""]","Customers generally appreciate the Nasher Miles luggage for its stylish design, lightweight build, and suitability as cabin baggage, though some have reservations about the lock's durability and price.",,9.0,8.0,7.0,9.0,9.0,8.0,5.0,7.0,Customers consistently praise the wheels for their smooth and quiet rolling.,"The handle is generally well-received, noted for its smooth extension and comfortable grip.","No specific mentions of zippers, so assumed neutral.","Polycarbonate material is perceived as premium, strong, and durable.",The lightweight nature of the luggage is a significant positive for many users.,The cabin size is well-suited for overhead compartments and travel.,"The TSA lock is a desired feature, but some express concerns about its perceived flimsiness.","While material is perceived as strong, concerns exist regarding the lock's long-term durability."
B0F4K9VLQ8,Vip,VIP Lexus Check-in Trolley Bag 76cm | Large | Hard Luggage | Smooth 8-Wheel Suitcase | Flushed TSA Lock with Anti-Theft Zipper | Robust Polypropylene Shell | 5 Years International Warranty (Mustard),7700.0,9856.0,21.9,4.4,19,8.2,Excellent,5,3,0,"[""Durability"", ""Smooth Rolling Wheels"", ""Build Quality""]","[""Weight"", ""Design (Dated)"", ""Size (Bulky)""]","The VIP Lexus trolley is a durable and reliable option for travelers, particularly those prioritizing robustness over lightweight design, though its weight and somewhat dated appearance are common concerns.",,9.5,8.8,8.0,9.0,5.5,7.0,8.0,9.2,"Customers consistently praise the wheels for their smoothness, quietness, and ability to handle various terrains.","The handle is generally described as sturdy, comfortable, and easy to maneuver.",The zipper is considered secure and reliable by most reviewers.,The build quality and material are consistently praised for their durability and robust feel.,"Weight is a recurring negative point, with many customers finding the trolley heavier than expected.","While suitable for international travel, some find it bulky for domestic use.","The TSA lock functionality is mentioned positively, implying reliability.","Durability is a key strength, with reviewers highlighting its ability to withstand travel and airport handling."
B097JMCG1B,Safari,"Safari Medium Thorium Neo 8 Wheels 55,66 and 77 Cm Small, and Large 4 Wheel Inline 3 Trolley Bags Polycarbonate 360 Degree Wheeling System Luggage,4 Wheel Inline Trolley Bags,Graphite Blue",5849.0,7604.0,23.1,4.0,27985,7.2,Good,4,3,1,"[""8-wheel system maneuverability"", ""Durable material"", ""Good value for money""]","[""Handle looseness/flimsiness"", ""Zipper quality concerns"", ""Handle durability""]","The Safari Thorium Neo luggage offers good value and maneuverability, but recurring handle and zipper issues are potential drawbacks for frequent travelers.",,9.0,5.0,6.0,8.0,7.0,8.0,6.0,7.0,"Customers consistently praise the 8-wheel system for its maneuverability, especially in airports.","The handle is a recurring concern, with multiple reviewers noting looseness and a flimsy feel.","Zippers are generally considered average, with some customers expressing concerns about their durability.",The material is perceived as durable and reliable by many users.,The weight is generally considered 'just right' and not overly heavy.,The variety of sizes offered is appreciated and considered useful by customers.,The lock mechanism is described as standard and unremarkable.,"Overall durability is perceived as decent, although handle and zipper issues raise some concerns."
B0CBTZP3CL,Vip,"VIP Unicorn Nxt 8W Str 80 Cm | Check-in Polyester Soft Sided 8 Wheels Spinner Trolleys (Blue, Large)",3149.8,4032.0,21.9,3.7,19,6.8,Good,4,3,1,"[""Lightweight"", ""Handle Comfort"", ""Value for Money""]","[""Zipper Issues"", ""Durability Concerns"", ""Wheel Quality""]","The VIP Unicorn trolley offers good value for the price, but potential buyers should be aware of concerns regarding zipper reliability and overall durability.",,6.5,8.0,4.5,5.5,8.5,7.0,,5.0,Wheels are generally functional but some users find them noisy or not as smooth as expected.,The handle is frequently praised for being sturdy and comfortable.,"Zippers are a recurring concern, with multiple users reporting snags and potential longevity issues.","Material quality is questioned by several reviewers, with concerns about durability.","Lightweight is a frequently mentioned positive aspect, making it easy to carry.","Size is generally considered manageable, especially for shorter trips.",No mentions of lock functionality.,"Durability is a major concern, with reports of wheel breakage and flimsy components."
B0DDLDXT8N,Skybags,VIP Skybags Splash Set (55+65+75 cm) | Printed Luggage Trolley Set with 8 Wheels and in-Built Combination Lock | Unisex (Blue),5639.0,7049.0,20.0,4.1,50,6.2,Average,5,4,1,"[""Design/Prints"", ""Lightweight"", ""Value for Money""]","[""Handle Breakage"", ""Zipper Issues"", ""Wobbly Wheels""]","The Skybags Splash luggage set offers a stylish and lightweight option at an affordable price, but suffers from significant durability concerns regarding handles and zippers, and inconsistent wheel performance.","Despite the listed price being relatively low, some reviews express disappointment proportional to expectations of higher quality.",4.8,5.2,2.9,7.1,8.5,7.8,8.0,4.5,"Wheels, particularly on the largest suitcase, are frequently reported as wobbly and not smooth.","Handle quality is a concern, with multiple reviewers finding it flimsy and one reporting breakage.","Zippers are a significant problem, with reports of sticking, breaking, and being flimsy.","Material is generally perceived as durable, although some express concerns about long-term hold-up.","Weight is consistently praised as being lightweight and easy to handle, especially for children.","The size range is considered suitable for various travel needs, including family trips.",No specific comments were made about the lock.,"Durability is a major concern, with reports of broken handles and zippers indicating a lack of robustness."
B0C8YWY72M,Aristocrat,Aristocrat Skyway Large Size Soft Check in Luggage (79 cm) | Spacious Polyester Trolley with 4 Wheels and Combination Lock | Dazzling Maroon | Unisex| 3 Years Warranty,2550.0,3111.0,18.0,4.2,696,7.2,Good,4,2,2,"[""Spaciousness"", ""Lightweight"", ""Value for Money""]","[""Wheel Durability"", ""Material Thinness""]","The Aristocrat Skyway luggage offers good value for budget travelers, but potential durability concerns regarding the wheels and material are frequently raised.",,6.0,6.5,5.5,6.2,8.5,9.0,,5.8,Wheels are frequently mentioned as noisy and a potential durability concern.,"Handle is generally usable, but some reviewers find it flimsy or wobbly.",Zippers are perceived as cheap by some reviewers.,"Material is often described as thin, but acceptable given the price point.",Lightweight is consistently praised as a major positive.,Spaciousness and adequate size are frequently highlighted.,No mentions of lock.,"Durability is a significant concern, with reviewers questioning its longevity."
B0FPXMYQZY,Aristocrat,"Aristocrat Atlas Set of 3 Trolley Bag 55, 66 & 77cm | Small+Medium+Large | Hard Luggage | Smooth 8-Wheel Suitcase | Combination Lock with Sturdy Zipper | Full Fabric Convipack | 3-Year Warranty (Teal)",4979.0,6074.0,18.0,4.1,1128,6.8,Good,4,3,0,"[""Value for money"", ""Variety of sizes"", ""Spaciousness"", ""Good for family travel""]","[""Material quality"", ""Wheel durability"", ""Handle sturdiness""]","The Aristocrat luggage set offers good value for the price, but concerns exist regarding the durability of the wheels and the quality of the material.",,5.5,6.8,7.5,5.2,8.0,8.8,7.0,5.0,"Wheels are frequently mentioned as a concern, with some users finding them cheap, noisy, or prone to cracking.","Handles are generally considered adequate, with some users finding them flimsy while others describe them as sturdy.","Zippers are perceived positively, with users generally finding them acceptable for the price.","Material is a common complaint, with users describing it as flimsy and cheap.",Weight is not a significant factor in the reviews.,"The variety of sizes is a major positive, appreciated for different travel needs and family use.",Lock functionality is not mentioned in the reviews.,"Durability is a significant concern, with reports of wheels cracking and material feeling flimsy."
B0DD3W11L4,Vip,"VIP Corsa Check-in 66 Cm (Medium) 8 Wheels Trolley Bags for Travel, Hard Case Lightweight Bag with Combination Lock, Tough Suitcase for Travel (Black)",2299.0,2943.0,21.9,4.2,166,7.8,Good,5,2,1,"[""Value for Money"", ""Smooth Wheels"", ""Convenient Size""]","[""Handle Durability"", ""Material Thinness""]","The VIP Corsa trolley offers good value and convenience for short to medium trips, but concerns exist regarding the handle's comfort and the material's long-term durability.",The significant durability issues reported in one review contrast with the generally positive feedback on other aspects.,9.0,6.0,8.0,6.0,7.0,9.0,4.0,5.0,"Wheels are consistently praised for being smooth, easy to maneuver, and quiet.","Handle comfort is a point of contention, with some finding it uncomfortable and others extending nicely.",Zippers are generally considered to be strong and functional.,"Material is perceived as thin by some, raising concerns about long-term durability.","Weight is not a significant concern, often mentioned in conjunction with its compact size.",Size is widely appreciated as perfect for carry-on and medium trips.,Lock is perceived as flimsy by at least one reviewer.,"Durability is a significant concern, with one review reporting a broken handle and falling-off wheels."
B0BH4J7QJP,Vip,"VIP Voyager Pro Ultra Strong Polypropylene Hard Sided Check-in Luggage Spinner Dual Wheels with Ergonomic Grip Handle (Large, 79cm, Blue)",3199.0,4095.0,21.9,3.7,39,7.2,Good,5,3,0,"[""Durability"", ""Value for Money"", ""Strong Material""]","[""Weight"", ""Outdated Design"", ""Zipper Concerns""]","The VIP Voyager Pro offers a durable and reliable luggage option at an affordable price, but its heavier weight and dated design are drawbacks for some users.",,8.0,6.0,5.0,9.0,4.0,7.0,7.0,9.0,"Wheels are generally praised for being smooth and quiet, though some find them adequate.",The handle is frequently mentioned as feeling a bit flimsy or could be more robust.,"Zippers are a recurring concern, with reviewers expressing a lack of confidence in their longevity.","Polypropylene material is consistently highlighted as strong, durable, and sturdy.","Weight is a significant negative point for many reviewers, finding it heavier than expected or other brands.","Size is not a major concern, though the heaviness impacts maneuverability.",The lock mechanism is generally considered functional and secure.,"Durability is the product's strongest asset, with reviewers consistently praising its robust build and ability to withstand travel."
B0FC6QHJD7,Aristocrat,Aristocrat Polycarbonate Spinner Comet Cabin Trolley Bag 56cm|Small|Hard Luggage| Smooth 8-Wheel Suitcase|Combination Lock with Sturdy Zipper|Full Fabric Convipack|3-Year International Warranty (Grey),1359.0,1658.0,18.0,4.1,2413,6.8,Good,6,3,1,"[""Value for Money"", ""Lightweight"", ""Smooth Rolling""]","[""Durability"", ""Handle Quality"", ""Material Thinness""]","The Aristocrat Comet Cabin Trolley offers good value and convenience for short trips, but suffers from concerns about its long-term durability and handle quality.",,6.0,5.5,8.0,6.5,9.0,8.5,7.0,5.0,Wheels are generally smooth but frequently mentioned as having durability concerns.,Handle is often described as feeling cheap or flimsy.,No significant mentions regarding zippers.,"Material is perceived as thin and prone to scratches, but acceptable for the price.",Weight is consistently praised as lightweight and convenient.,Size is well-suited for carry-on luggage and short trips.,No significant mentions regarding locks.,"Durability is a major concern, with multiple reviews citing broken wheels and flimsy construction."
B0FMF7NN53,Aristocrat,"Aristocrat Liberty Medium (Check-in) Trolley Bag, 68Cm | Combination Lock | 8 Wheels | 3 Years International Warranty | New Saddle Brown",1849.0,2256.0,18.0,4.2,1282,7.2,Good,4,3,1,"[""Value for Money"", ""Lightweight"", ""Spacious"", ""Functional""]","[""Wheel Durability"", ""Material Thinness"", ""Durability Concerns""]","The Aristocrat Liberty trolley offers good value for occasional short trips, but its durability, particularly the wheels and material, is a recurring concern.",,4.8,8.5,6.5,6.0,9.0,8.0,8.0,5.5,"Wheels are frequently mentioned as a weak point, with many users experiencing cracking or breakage.",The handle is generally praised for being sturdy and comfortable to grip.,"Zippers are perceived as somewhat flimsy, but functioning adequately so far.","Material is often described as thin, raising concerns about long-term durability.",The lightweight nature of the trolley is consistently highlighted as a positive feature.,The trolley is considered spacious and suitable for short trips and occasional use.,The combination lock is a well-received addition and is working as expected.,"Durability is a significant concern, with multiple reviews questioning the bag's longevity."
B0C1K4F8NN,Aristocrat,Aristocrat Large Commander 79Cms Premium Polyester with PVC Coating Soft Sided Check-in 4 Wheels Green Spinner Suitcase,2465.0,3007.0,18.0,4.3,1778,7.8,Excellent,5,3,0,"[""Spaciousness"", ""Value for Money"", ""Lightweight""]","[""Handle Quality"", ""Zipper Issues"", ""Durability Concerns""]","The Aristocrat Commander suitcase offers excellent value and spaciousness, but potential buyers should be aware of concerns regarding the handle's sturdiness and the zipper's reliability.",,7.0,4.0,5.0,6.0,8.0,9.0,8.0,6.0,"Generally roll smoothly, but some concerns about long-term durability.",A significant point of concern; many find it flimsy and worry about breakage.,"Reported zipper sticking issues after limited use, suggesting quality concerns.","Feels a bit thin for some, but generally perceived as better than expected for the price.",Consistently praised for being surprisingly lightweight given its size.,Widely considered spacious and suitable for long trips.,"Not mentioned in reviews, so assumed to be satisfactory or irrelevant.","Concerns about long-term durability, particularly regarding the material and wheels."
B0C5DR262Q,Aristocrat,"Aristocrat Polypropylene (PP) Airpro Set of 3 Hard Carry-On Spinner Suitcase (55+66+76Cm) Check-in Luggage Lightweight Luggage with 8 Strong Wheels, Secured Zip&Secured Combination Lock Cross Teal",5099.0,6221.0,18.0,4.1,12410,6.8,Good,5,3,0,"[""Value for money"", ""Carry-on size"", ""Protection for belongings""]","[""Wheel durability"", ""Scratch resistance"", ""Handle stability""]","While offering good value and a convenient carry-on size, the Aristocrat luggage set suffers from concerns regarding wheel and handle durability, and its susceptibility to scratches.","The significant price point (Rs. 5099) doesn't seem to correlate with the reported durability issues, suggesting a potential quality control problem.",5.2,4.0,8.0,6.0,7.0,8.5,7.0,4.8,"Wheels are frequently mentioned as a point of concern, with reports of cracking and falling off.",The handle extension is perceived as weak and potentially unreliable by some customers.,"No significant mentions of zippers, implying they are generally satisfactory.",Polypropylene is appreciated for its hard shell but criticized for its susceptibility to scratches.,"Customers generally find the luggage lighter than expected, which is a positive.",The size is consistently praised as being perfect for carry-on luggage.,"No significant mentions of the lock, suggesting it's adequate.","Durability is a major concern, with reports of wheels breaking and the luggage failing after minimal use."
B0FC6L8H6G,Aristocrat,"Aristocrat Comet Set of 2 Trolley Bag 56, 66cm | Small+Medium | Hard Luggage| Smooth 8-Wheel Suitcase| Combination Lock With Sturdy Zipper| Full Fabric Convipack | 3-year International Warranty (Grey)",2799.0,3415.0,18.0,4.1,2413,7.2,Good,5,3,0,"[""Good value for money"", ""Lightweight and functional"", ""Compact and useful""]","[""Wheels durability"", ""Material durability"", ""Zipper quality""]","The Aristocrat luggage set offers good value for occasional travelers, but concerns exist regarding the durability of the wheels and material.",,5.8,8.2,6.4,6.0,8.6,8.0,,4.8,"Wheels are frequently mentioned as flimsy or prone to cracking, though some find them smooth on flat surfaces.",The handle is generally praised for being sturdy and extending smoothly.,Zippers are often described as 'cheap' or 'functional' but not high quality.,"Material is frequently noted as thin and easily scratched, but acceptable given the price.",Luggage is consistently described as lightweight and easy to maneuver.,The size is generally accurate and suitable for carry-on or short trips.,No mentions of lock functionality.,"Durability is a significant concern, with reports of cracked wheels and scratched material after limited use."
B0D4S1FHLD,Aristocrat,"Aristocrat Large Polypropylene Airpro Spinner Check-in 75 Cm() 8 Wheels Trolley Bags for Travel Hard Case Luggage, Lightweight Bag with Combination Lock & Robust Trolley with 3 Years Warranty (Blue)",1999.0,2439.0,18.0,4.1,12410,7.2,Good,4,2,1,"[""Spaciousness"", ""Value for Money"", ""Lightweight""]","[""Wheel Durability"", ""Material Quality"", ""Durability Concerns""]","This Aristocrat luggage offers good value and spaciousness for the price, but concerns about wheel and material durability are frequently raised.","Despite the low price, customers are pleasantly surprised by the overall functionality, but the wheel quality seems to be a recurring and significant issue.",5.0,8.0,7.0,6.0,8.0,9.0,8.0,5.0,"Wheels are a significant concern, with reports of breakage and lack of sturdiness.",The handle is generally praised for being good and extending smoothly.,"The lock is mentioned positively by one reviewer, implying a generally acceptable zipper performance.",Material is frequently mentioned as feeling thin and potentially impacting durability.,"The luggage is consistently described as lightweight, a positive attribute.",Size is widely appreciated as being spacious and perfect for checked luggage and longer trips.,The lock is considered functional and satisfactory.,"Durability is a major concern, with reviewers expressing worries about the material and wheel breakage."
B0CWSB5B17,Aristocrat,Aristocrat Enigma 52 Cm Polyester Softsided Cabin Size Duffle Bag - Blue,442.0,539.0,18.0,4.3,1426,7.8,Good,7,2,1,"[""Cabin Size/Suitability"", ""Lightweight"", ""Value for Money""]","[""Material Quality/Durability"", ""Zipper Stiffness""]","The Aristocrat Enigma duffle bag offers good value and is well-suited for short trips and cabin baggage, but concerns exist regarding its material durability and initial zipper stiffness.",,,,6.0,5.0,9.0,9.0,,5.0,Not mentioned in reviews.,Not mentioned in reviews.,"Generally smooth, but some users found it stiff initially.","Material quality is a concern, with reports of tearing.",Consistently praised for being lightweight.,Frequently mentioned as perfect for cabin size and short trips.,Not mentioned in reviews.,"Durability is a significant concern, with some users reporting flimsy construction and tearing."
B09NXVCXJW,Aristocrat,Aristocrat Polyester Hard 50 Cms Luggage- Suitcase Travel Duffle (Dfroo52Etbl_Teal Blue),580.0,708.0,18.1,4.2,1642,6.8,Good,4,3,1,"[""Lightweight"", ""Good Value for Money"", ""Spacious"", ""Functional""]","[""Durability"", ""Wheels"", ""Material Quality"", ""Zipper""]","This Aristocrat luggage offers good value for occasional short trips, but its durability and wheel quality are significant concerns for frequent or heavier use.","The low price point is a significant driver of purchase, but also contributes to the perception of compromised quality.",4.2,8.0,5.8,4.5,9.0,7.5,8.0,3.8,"Wheels are frequently mentioned as shaky, noisy, or prone to breakage, indicating a significant quality concern.",The handle is generally perceived as sturdy and comfortable.,"The zipper is often described as flimsy, raising concerns about its longevity.","Material durability is a recurring concern, with many reviewers questioning its ability to withstand regular use.",The lightweight nature of the luggage is consistently praised as a positive attribute.,"Spaciousness is generally considered a positive aspect, suitable for short trips.",The lock is viewed as a welcome addition and functions as expected.,"Durability is a major point of criticism, with multiple reviews reporting breakage within a short timeframe."
B0C1K7SD4W,Aristocrat,"Aristocrat Cabin Commander 55Cms Premium Polyester with PVC Coating Softshell Sided Size 4 Wheels Small Black Inline Suitcase, Medium",1615.0,1970.0,18.0,4.3,1778,7.2,Good,5,3,0,"[""Lightweight"", ""Carry-on size"", ""Good value for price""]","[""Wheel durability"", ""Zipper issues"", ""Material durability""]","The Aristocrat Cabin Commander offers good value and convenience for carry-on travel, but durability, particularly of the wheels and zipper, appears to be a recurring concern.","Despite a listed rating of 4.3/5, a significant number of reviews express concerns about the product's durability, suggesting a potential disconnect between perceived quality and actual performance.",5.0,8.0,4.0,6.0,9.0,9.0,,4.0,"Wheels are frequently mentioned as a point of concern, with some breaking or appearing flimsy.",The handle is generally praised for its comfort and sturdiness.,"Zippers are reported to stick after a few uses, indicating a quality issue.","The material is considered decent for the price, but some reviewers express concerns about its thinness and durability.",The lightweight nature of the luggage is consistently highlighted as a positive feature.,The size is well-suited for carry-on luggage and fits overhead compartments effectively.,No mentions of the lock in the reviews.,"Durability is a significant concern, with multiple reviews mentioning flimsy components and breakage."
B0CGTXL5V1,Nasher Miles,Nasher Miles Large Vienna Hard-Sided Polypropylene Double Spinner Check-in Luggage 28 inch | 75cm | 8 Wheels Trolley Bag for Travel | Suitcase (Cream White),3229.0,4262.0,24.2,4.2,522,7.8,Good,6,2,1,"[""Spinner Wheels"", ""Size"", ""Durability""]","[""Handle Stability"", ""Wheel Durability""]","The Nasher Miles luggage offers good value and functionality for checked baggage, particularly praised for its spinner wheels and size, but concerns exist regarding handle stability and wheel durability.",The significant contrast between positive comments about wheel performance and the single report of wheel breakage is noteworthy.,9.0,6.0,8.0,7.0,7.0,9.0,8.0,7.0,"Highly praised for their smooth spinning and maneuverability, but one review reported breakage.",Frequently mentioned as feeling wobbly or not sturdy enough.,"No significant mentions, implying generally acceptable performance.","Generally perceived as lightweight, with some finding it less premium than expected.","Lightweight is a common observation, sometimes viewed as a positive, sometimes as a potential quality concern.",Consistently praised as a good size for checked baggage.,The TSA lock is appreciated as a positive feature.,"Generally considered durable, but one review reported wheel failure."
B09G71JXVS,Nasher Miles,Nasher Miles Paris Hard-Sided Polypropylene Check-in Luggage 24 inch | 65cm | 8 Wheels Medium Trolley Bag for Travel | Suitcase (Navy Blue),2999.0,3959.0,24.2,4.2,1891,7.3,Good,5,3,0,"[""Value for money"", ""Smooth wheels"", ""Stylish design""]","[""Handle retraction"", ""Zipper durability"", ""Material quality""]","The Nasher Miles luggage offers good value and a stylish design, but potential buyers should be aware of concerns regarding handle reliability and zipper durability.",,8.5,4.0,2.5,6.0,7.0,7.5,8.0,5.5,Wheels are frequently praised for being smooth and quiet.,Handle retraction issues are a recurring complaint.,"Zipper durability is a significant concern, with reports of breakage.",Material quality is perceived as adequate but not premium by some.,"No specific mentions of weight, implying it's acceptable.",Generally considered suitable for international travel.,The TSA lock is well-received and functional.,"Durability is a mixed bag, with some praising it and others experiencing issues."
B09G715R22,Nasher Miles,Nasher Miles Paris Hard-Sided Polypropylene Check-in Luggage 24 inch | 65cm | 8 Wheels Medium Trolley Bag for Travel | Suitcase (Peach),2949.0,3893.0,24.2,4.2,1891,7.8,Good,6,2,0,"[""Material Quality"", ""Stylish Design"", ""TSA Lock Feature""]","[""Price"", ""Wheel Stiffness""]","Customers generally appreciate the Nasher Miles luggage for its stylish design, robust material, and useful features like the TSA lock, though some find it slightly pricey and the wheels could be improved.",Service center availability seems to be a concern for some customers in certain regions.,6.5,8.5,8.0,9.0,6.0,8.0,9.5,8.8,Wheels are generally decent but some users find them stiff and not as smooth as expected.,The handle is consistently praised for being easy to adjust and comfortable to grip.,Zippers are perceived as strong and reliable.,"Polycarbonate material is widely considered robust, durable, and of excellent quality.",Some users find the luggage to be a little heavy.,The size (24 inch/65cm) is generally considered suitable for check-in luggage and international travel.,"The TSA lock is a highly appreciated feature, providing security and peace of mind.",Users express confidence in the luggage's ability to withstand travel and are impressed by its build quality.
B09G72J5Y6,Nasher Miles,Nasher Miles Polypropylene 360 Degree Paris Hard-Sided Cabin Luggage 20 inch | 55cm | 8 Wheels Small Trolley Bag for Travel | Suitcase (Pastel Green),2599.0,3431.0,24.2,4.2,1891,7.8,Good,5,2,1,"[""Smooth wheels"", ""Stylish design"", ""Good value for price""]","[""Handle breakage"", ""Flimsy zipper""]","The Nasher Miles luggage offers a stylish and functional cabin solution at an attractive price point, but potential durability issues with the handle and zipper warrant consideration.",The handle breaking after only a few uses is a significant and unexpected issue given the generally positive feedback on build quality.,9.0,4.0,5.0,8.0,6.0,9.0,8.0,6.0,"Wheels are consistently praised for being smooth and functional, facilitating easy maneuverability.","The handle is a significant point of concern, with one review reporting breakage after minimal use.",The zipper is perceived as flimsy and raises concerns about long-term durability.,The polycarbonate material is generally considered sturdy and of good quality for the price.,Some customers find the luggage heavier than expected for a carry-on.,The size is well-suited for cabin luggage and is frequently mentioned as a positive attribute.,"The TSA lock is a well-received feature, adding to the luggage's convenience and security.","Overall durability is a mixed bag, with concerns about the zipper and handle, but praise for the material."
B0D6BS5BGY,Nasher Miles,Nasher Miles Krabi Expander Hard-Sided Polypropylene Check-in Luggage 24 inch | 65cm | 8 Wheels Medium Trolley Bag for Travel | Suitcase (White),3699.0,4883.0,24.2,4.4,77,7.8,Good,7,3,0,"[""Expander Feature"", ""Spaciousness"", ""Handle Comfort""]","[""Zipper Quality"", ""TSA Lock Malfunction"", ""Expander Flimsiness""]","The Nasher Miles luggage offers good value and spaciousness with a useful expander feature, but concerns exist regarding the zipper and lock quality.",,8.5,9.0,4.0,7.5,8.0,9.0,5.0,7.0,"Wheels are generally smooth and well-regarded, with a few mentions of 'decent' quality.",The handle is consistently praised for being comfortable and sturdy.,"The zipper, particularly on the expander, is a significant point of concern with reports of breakage.","The material is perceived as durable by many, although some express concerns about the expander's flimsiness.","Weight is not a significant factor in the reviews, generally perceived as acceptable.","Size and spaciousness are highly praised, especially with the expander feature.","The TSA lock is a welcome feature, but some users experienced malfunctions.","Overall durability is considered good, but the expander's durability is questioned."
B0CGTXW8YJ,Nasher Miles,"Nasher Miles Vienna Hard-Sided Polypropylene Double Spinner Check-in Luggage 28 inch | 75cm | 8 Wheels Large Trolley Bag for Travel | Suitcase (Cool Mint),Green",3599.0,4751.0,24.2,4.2,522,8.2,Excellent,6,2,0,"[""Build Quality"", ""Wheels"", ""Material/Aesthetics""]","[""Handle Stability"", ""Price""]","The Nasher Miles Vienna luggage receives high praise for its build quality, aesthetics, and smooth wheels, although the handle's sturdiness and price point are areas of concern for some customers.",,9.5,6.0,8.0,9.0,8.5,8.0,9.0,8.8,"Wheels are consistently praised for being smooth, quiet, and easy to maneuver.","The handle is a recurring point of concern, with multiple reviewers finding it flimsy.","No specific comments about zippers, implying they are performing adequately.","Polycarbonate material is highly appreciated for its aesthetics, scratch resistance, and premium feel.",Reviewers generally find the luggage weight manageable.,Interior space is considered surprisingly large and adequate.,"The TSA lock is a well-received feature, providing peace of mind.",The luggage is perceived as durable and well-suited for international travel.
B0CGTX3Z86,Nasher Miles,Nasher Miles Cabin Vienna Hard-Sided Polypropylene Luggage 20 inch | 55cm | 8 Wheels Double Spinner Small Trolley Bag for Travel | Suitcase (Purple),2599.0,3431.0,24.2,4.2,522,8.2,Excellent,6,2,0,"[""Lightweight"", ""Cabin Size"", ""Stylish Design""]","[""Zipper Quality"", ""Price""]","The Nasher Miles cabin luggage is a well-received option for travelers seeking a lightweight, stylish, and appropriately sized carry-on, though the zipper quality is a noted concern.",,8.0,9.0,5.0,8.0,9.0,9.0,8.0,8.0,"Wheels are generally smooth and functional, though some find them 'okay' rather than exceptional.","The handle is comfortable and extends nicely, receiving positive feedback.","The zipper is a point of concern, with reviewers noting it feels 'cheap' and of lower quality.",The polypropylene material is perceived as durable and well-made.,The lightweight nature of the luggage is consistently praised as a major advantage.,The 20-inch size is considered perfect for cabin luggage and short trips.,"The TSA lock is a valued feature, adding convenience and security.",Customers generally perceive the luggage as durable and able to withstand frequent travel.
B083M1SXXN,Nasher Miles,Nasher Miles Istanbul Hard-Sided ABS and PC Check-in Luggage 28 inch | 75cm | 8 Wheels Large Trolley Bag for Travel | Suitcase (Yellow Grey),4548.0,6003.0,24.2,4.0,1425,7.2,Good,5,3,2,"[""Spacious/Good Capacity"", ""Durability"", ""Design/Style""]","[""Weight"", ""Material Quality"", ""TSA Lock Issues""]","The Nasher Miles luggage offers a spacious and durable solution for travelers, but its weight and material quality are areas of concern for some.",,6.0,8.0,7.0,6.0,5.0,9.0,4.0,8.0,"Wheels are frequently mentioned as noisy or okay, not exceptional.","Handle functionality isn't explicitly mentioned, implying it's generally satisfactory.","Zippers are not a significant point of discussion, suggesting they perform adequately.","Material quality is a recurring concern, with some finding it not as premium as expected.","Weight is a common complaint, with users noting it's heavy even when empty.",Size is consistently praised as spacious and suitable for check-in and family travel.,"TSA lock functionality is problematic for some users, requiring customer service intervention.","Durability is a frequently highlighted positive, with users impressed by the build quality."
B0D47KQ81Z,Nasher Miles,Nasher Miles Springfield Hard-Sided Polypropylene Check-in Luggage 28 inch | 75cm | 8 Wheels Large Trolley Bag for Travel | Suitcase (Cool Mint),2799.0,3695.0,24.2,3.7,63,7.2,Good,5,3,0,"[""Lightweight"", ""Smooth Wheels"", ""Durable Material""]","[""Zipper Quality"", ""Durability Concerns"", ""Service Center Availability""]","The Nasher Miles Springfield luggage offers good value and a premium feel for the price, but concerns exist regarding zipper quality and long-term durability.",The lack of readily available service centers is a significant drawback compared to established brands like Safari.,8.5,7.5,5.5,8.0,8.8,7.8,4.0,6.0,"Wheels are frequently praised for being smooth, quiet, and gliding effortlessly.","Handle is generally considered sturdy and easy to adjust, although some express wobble concerns.","Zippers are a point of concern, with several reviewers finding them to feel cheap.","Polypropylene material is seen as strong, durable, and premium-looking.",The lightweight nature of the luggage is a consistent positive point.,The size is generally considered suitable for check-in luggage.,The TSA lock is viewed as flimsy by some reviewers.,"Durability is a mixed bag, with initial impressions positive but concerns about long-term wear and tear arising."
B0D9MCK8K4,Nasher Miles,Nasher Miles Mexico Hard-Sided Polycarbonate Check-in Luggage 28 inch | 75cm | 8 Wheels Large Trolley Bag for Travel | Suitcase (Navy Blue White),3099.0,4091.0,24.2,3.8,65,7.2,Good,5,3,0,"[""Stylish Design"", ""Smooth Wheels"", ""Good Value for Price""]","[""Zipper Issues"", ""Durability Concerns"", ""Limited Service Centers""]","The Nasher Miles Mexico luggage offers a stylish design and good value, but durability and zipper reliability are key concerns for some users.","The price point seems to be a point of contention, with some customers feeling it's not justified despite the perceived value.",8.5,6.0,4.0,8.0,7.0,7.5,7.5,6.5,"Wheels are frequently praised for being smooth, quiet, and rolling incredibly well.",Handle is generally comfortable but some users express concerns about its sturdiness and potential for breakage.,"Zippers are a significant point of concern, with reports of sticking and reliability issues.",Polycarbonate material is widely appreciated for its aesthetics and perceived premium feel.,"Weight is not a major focus in reviews, but generally considered acceptable.","Size is not a major focus in reviews, assumed to be adequate for a check-in luggage.",TSA lock is seen as a positive feature and a nice touch.,"Durability is a recurring concern, with users questioning its long-term reliability and strength."
